{"cameraMode":{"drawMode":0,"name":"Shaded","section":"Shading Mode"},"sceneLighting":true,"audioPlay":false,"sceneViewState":{"m_AlwaysRefresh":false,"showFog":true,"showSkybox":true,"showFlares":true,"showImageEffects":true,"showParticleSystems":true,"showVisualEffectGraphs":true,"m_FxEnabled":true},"in2DMode":false,"pivot":{"x":177.7462615966797,"y":-127.73944854736328,"z":287.9358825683594},"rotation":{"x":0.18186239898204804,"y":0.26159635186195376,"z":-0.05072645843029022,"w":0.9467088580131531},"size":186.40631103515626,"orthographic":false}