{"cameraMode":{"drawMode":0,"name":"Shaded","section":"Shading Mode"},"sceneLighting":true,"audioPlay":false,"sceneViewState":{"m_AlwaysRefresh":false,"showFog":true,"showSkybox":true,"showFlares":true,"showImageEffects":true,"showParticleSystems":true,"showVisualEffectGraphs":true,"m_FxEnabled":true},"in2DMode":false,"pivot":{"x":26.71495246887207,"y":0.4302656650543213,"z":-17.799007415771486},"rotation":{"x":-0.022961001843214036,"y":-0.8181104063987732,"z":0.03263897821307182,"w":-0.5738829970359802},"size":13.242610931396485,"orthographic":false}