{"cameraMode":{"drawMode":0,"name":"Shaded","section":"Shading Mode"},"sceneLighting":true,"audioPlay":false,"sceneViewState":{"m_AlwaysRefresh":false,"showFog":true,"showSkybox":true,"showFlares":true,"showImageEffects":true,"showParticleSystems":true,"showVisualEffectGraphs":true,"m_FxEnabled":true},"in2DMode":false,"pivot":{"x":-341.1472473144531,"y":14.684159278869629,"z":168.356689453125},"rotation":{"x":-0.00496933376416564,"y":-0.5580348968505859,"z":-0.0038816852029412987,"w":0.8299906253814697},"size":200.40179443359376,"orthographic":false}