{"cameraMode":{"drawMode":0,"name":"Shaded","section":"Shading Mode"},"sceneLighting":false,"audioPlay":false,"sceneViewState":{"m_AlwaysRefresh":false,"showFog":true,"showSkybox":false,"showFlares":true,"showImageEffects":true,"showParticleSystems":true,"showVisualEffectGraphs":true,"m_FxEnabled":true},"in2DMode":false,"pivot":{"x":-807.3596801757813,"y":509.8679504394531,"z":-724.4688110351563},"rotation":{"x":0.012452802620828152,"y":0.13219325244426728,"z":-0.002038895385339856,"w":0.9913042783737183},"size":0.04332594573497772,"orthographic":false}